"package","filename","name","parameters","branch"
"scrattch","color.R","build_palette","central_color","master"
"scrattch","color.R","col2ab","hexes","master"
"scrattch","color.R","color_mean","color_vec","master"
"scrattch","color.R","color_sum","col1, col2","master"
"scrattch","color.R","colorspace_plot","palette, show_pures = TRUE","master"
"scrattch","dependencies.R","install_bioc_deps","","master"
"scrattch","dependencies.R","install_github_deps","","master"
"scrattch","install.R","install_scrattch","packages = NULL","master"
"scrattch","dependencies.R","install_scrattch_deps","","master"
"scrattch","color.R","values_to_colors","x, min_val = NULL, max_val = NULL, colorset = c(""darkblue"", ""dodgerblue"", ""gray80"", ""orange"", ""orangered""), missing_color = ""black""","master"
"scrattch","color.R","varibow","n_colors","master"
"scrattch","color.R","weave_plot","palette","master"
"scrattch.io","annotation.R","annotate_cat","df, col = NULL, base = NULL, sort_label = T, na_val = ""ZZ_Missing"", colorset = ""varibow"", color_order = ""sort""","master"
"scrattch.io","annotation.R","annotate_num","df, col = NULL, base = NULL, scale = ""log10"", na_val = 0, colorset = c(""darkblue"", ""white"", ""red"")","master"
"scrattch.io","write_feather.R","build_feather","anno = NULL, data = NULL, desc = NULL, feather_dir = NULL","master"
"scrattch.io","read_tome_lowlevel.R","check_tome_existence","tome, name","master"
"scrattch.io","annotation.R","cl_to_anno","cl, cl.df = NULL, cl_col = ""cl"", base = ""cluster""","master"
"scrattch.io","misc.R","collapse_along","x, collapse = ""/""","master"
"scrattch.io","read_feather.R","feather_to_list","feather_dir = NULL, oldformat = F","master"
"scrattch.io","misc.R","flip_table","df, gene_col = ""gene_name"", sample_col = ""sample_name""","master"
"scrattch.io","read_feather.R","get_feather_data","feather_dir, genes, group_by, group_ids","master"
"scrattch.io","annotation.R","group_annotations","df, sample_col = ""sample_name"", keep_order = TRUE","master"
"scrattch.io","read_tome_lowlevel.R","jagged_to_data.frame","jagged, rows = c(""sample_names"", ""gene_names""), cols = c(""gene_names"", ""sample_names"")","master"
"scrattch.io","read_tome_lowlevel.R","jagged_to_dgCMatrix","jagged, rows = c(""sample_names"", ""gene_names""), cols = c(""gene_names"", ""sample_names"")","master"
"scrattch.io","read_tome_lowlevel.R","jagged_to_matrix","jagged, rows = c(""sample_names"", ""gene_names""), cols = c(""gene_names"", ""sample_names"")","master"
"scrattch.io","large_matrix.R","large_matrix_to_dgCMatrix","mat, chunk_size = 5000","master"
"scrattch.io","read_10x.R","read_10x_dgCMatrix","h5, target","master"
"scrattch.io","hdf5.R","read_gene_data_hdf5","hdf5_file, genes, type = c(""counts"", ""cpm"")","master"
"scrattch.io","read_h5ad.R","read_h5ad_dgCMatrix","h5ad, target = ""/raw.X""","master"
"scrattch.io","read_loom.R","read_loom_anno","loom_file, sample_col = ""CellID""","master"
"scrattch.io","read_loom.R","read_loom_dgCMatrix","loom_file, chunk_size = 5000, row_names = ""Gene"", col_names = ""CellID""","master"
"scrattch.io","read_loom.R","read_loom_projections","loom_file, sample_col = ""CellID""","master"
"scrattch.io","read_shelf.R","read_shelf_gene_data","tomes, genes, regions = ""exon"", units = ""counts"", transform = ""none"", format = ""data.frame""","master"
"scrattch.io","read_shelf.R","read_shelf_sample_data","tomes, samples, regions = ""exon"", units = ""counts"", transform = ""none"", format = ""data.frame""","master"
"scrattch.io","read_tome.R","read_tome_anno","tome, groups = NULL","master"
"scrattch.io","read_tome.R","read_tome_anno_desc","tome","master"
"scrattch.io","read_tome.R","read_tome_data_dims","tome, transpose = F","master"
"scrattch.io","read_tome_lowlevel.R","read_tome_data.frame","tome, df_name, stored_as = ""data.frame"", columns = NULL, match_type = ""exact"", get_all = FALSE","master"
"scrattch.io","read_tome.R","read_tome_dend","tome, dend_name = NULL","master"
"scrattch.io","read_tome.R","read_tome_dend_desc","tome","master"
"scrattch.io","read_tome_lowlevel.R","read_tome_dgCMatrix","tome, target","master"
"scrattch.io","read_tome.R","read_tome_exon_lengths","tome, genes = NULL, return_as = ""vector""","master"
"scrattch.io","read_tome.R","read_tome_gene_data","tome, genes = NULL, regions = ""exon"", units = ""counts"", transform = ""none"", format = ""data.frame""","master"
"scrattch.io","read_tome.R","read_tome_gene_meta","tome, columns = NULL","master"
"scrattch.io","read_tome.R","read_tome_gene_meta_desc","tome","master"
"scrattch.io","read_tome.R","read_tome_gene_names","tome","master"
"scrattch.io","read_tome_lowlevel.R","read_tome_genes_jagged","tome, genes, regions = ""exon""","master"
"scrattch.io","read_tome.R","read_tome_intron_lengths","tome, genes = NULL, return_as = ""vector""","master"
"scrattch.io","read_tome.R","read_tome_mapping","tome, mapping_name = NULL, columns = NULL, get_all = FALSE","master"
"scrattch.io","read_tome.R","read_tome_mapping_desc","tome","master"
"scrattch.io","read_tome.R","read_tome_projection","tome, proj_name = NULL","master"
"scrattch.io","read_tome.R","read_tome_projection_desc","tome","master"
"scrattch.io","read_tome.R","read_tome_sample_data","tome, samples, regions = ""exon"", units = ""counts"", transform = ""none"", format = ""data.frame""","master"
"scrattch.io","read_tome.R","read_tome_sample_names","tome","master"
"scrattch.io","read_tome_lowlevel.R","read_tome_samples_jagged","tome, samples, regions = ""exon""","master"
"scrattch.io","read_tome_lowlevel.R","read_tome_serialized","tome, target","master"
"scrattch.io","read_tome.R","read_tome_stats","tome, stats_name = NULL, columns = NULL, get_all = FALSE","master"
"scrattch.io","read_tome.R","read_tome_stats_desc","tome","master"
"scrattch.io","read_tome.R","read_tome_total_counts","tome, region = ""exon""","master"
"scrattch.io","read_tome_lowlevel.R","read_tome_vector","tome, name","master"
"scrattch.io","hdf5.R","save_sparse_matrix_h5","mat, out_file, cols_are = ""sample_id"", overwrite = F, compression_level = 0","master"
"scrattch.io","global.R","set_scrattch.io_global_overwrite","overwrite = FALSE","master"
"scrattch.io","global.R","set_scrattch.io_global_verbosity","verbosity = 2","master"
"scrattch.io","misc.R","values_to_colors","x, min_val = NULL, max_val = NULL, colorset = c(""darkblue"", ""dodgerblue"", ""gray80"", ""orange"", ""orangered""), missing_color = ""black""","master"
"scrattch.io","misc.R","varibow","n_colors","master"
"scrattch.io","write_csv.R","write_dgCMatrix_csv","mat, filename, col1_name = ""gene"", chunk_size = 1000","master"
"scrattch.io","write_10x.R","write_dgCMatrix_h5","mat, cols_are = ""gene_names"", h5_target, ref_name = ""mm10-1.2.0_premrna"", gene_ids = NULL","master"
"scrattch.io","write_tome.R","write_tome_anno","anno, tome, overwrite = NULL","master"
"scrattch.io","write_tome.R","write_tome_anno_desc","anno_desc, tome, overwrite = NULL","master"
"scrattch.io","write_tome.R","write_tome_data","exon_mat = NULL, intron_mat = NULL, tome = ""counts.tome"", cols_are = ""sample_name"", overwrite = F, orientations = ""both"", compression_level = 4","master"
"scrattch.io","write_tome_lowlevel.R","write_tome_data.frame","df, tome, target, store_as = ""vectors"", overwrite = NULL","master"
"scrattch.io","write_tome.R","write_tome_dend","dend, dend_name, tome, overwrite = NULL","master"
"scrattch.io","write_tome.R","write_tome_dend_desc","dend_desc, tome, overwrite = NULL","master"
"scrattch.io","write_tome_lowlevel.R","write_tome_dgCMatrix","mat, tome, target, overwrite = NULL, compression_level = 4","master"
"scrattch.io","write_tome.R","write_tome_exon_lengths","exon_lengths, tome, overwrite = NULL","master"
"scrattch.io","write_tome.R","write_tome_gene_meta","genes, tome, overwrite = NULL","master"
"scrattch.io","write_tome.R","write_tome_gene_meta_desc","genes_desc, tome, overwrite = NULL","master"
"scrattch.io","write_tome_lowlevel.R","write_tome_group","tome, target_path","master"
"scrattch.io","write_tome.R","write_tome_intron_lengths","intron_lengths, tome, overwrite = NULL","master"
"scrattch.io","write_tome.R","write_tome_mapping","mapping, mapping_name = NULL, tome, overwrite = NULL","master"
"scrattch.io","write_tome.R","write_tome_projection","proj, proj_name = NULL, tome, overwrite = NULL","master"
"scrattch.io","write_tome.R","write_tome_projection_desc","proj_desc, tome, overwrite = NULL","master"
"scrattch.io","write_tome_lowlevel.R","write_tome_serialized","obj, tome, target, overwrite = NULL","master"
"scrattch.io","misc.R","write_tome_sifter_stats","tome, overwrite = NULL","master"
"scrattch.io","write_tome.R","write_tome_stats","stats, stats_name = NULL, tome, overwrite = NULL","master"
"scrattch.io","write_tome.R","write_tome_stats_desc","stats_desc, tome, overwrite = NULL","master"
"scrattch.io","write_tome_lowlevel.R","write_tome_vector","vec, tome, target, overwrite = NULL","master"
"scrattch.hicat","annotate.R","adjust_color","colorset","master"
"scrattch.hicat","","batch_process","x, batch.size, FUN, mc.cores = 1, .combine = ""c"", ...","master"
"scrattch.hicat","dendro.R","build_dend","cl.dat, cl.cor = NULL, l.rank = NULL, l.color = NULL, nboot = 100, ncores = 1","master"
"scrattch.hicat","","build_dend_with_means","cl.means.list","master"
"scrattch.hicat","reduceDimension_tSNE.R","build_tsne","dat, select.genes = rownames(dat), select.samples = colnames(dat), dims = 2, ...","master"
"scrattch.hicat","util.R","calc_tau","m, byRow = TRUE","master"
"scrattch.hicat","CCA.R","CanonCor","mat1, mat2, standardize = TRUE, k = 20","master"
"scrattch.hicat","CCA.R","CCA","mat1, mat2, k = 20, verbose = FALSE","master"
"scrattch.hicat","human_functions.R","check_donor","anno, cluster, norm.dat, select.cells = names(cluster), keep.cl = NULL, meta1_area = ""roi"", meta2_donor = ""external_donor_name"", plot = TRUE, plot.path = ""output/""","master"
"scrattch.hicat","human_functions.R","check_neun","anno, cluster, neun.thresh = 0.5, neun.colname = ""facs_population_plan"", neun.val = ""NeuN-pos""","master"
"scrattch.hicat","human_functions.R","check_outlier","anno, cluster, norm.dat, select.cells = colnames(norm.dat), keep.cl = NULL, neun.thresh = 0.5, neun.colname = ""facs_population_plan"", neun.val = ""NeuN-pos"", qc.metrics = c(""Genes.Detected.CPM"", ""percent_reads_aligned_total"", ""complexity_cg""), test.genes = c(""SNAP25"", ""GAD1"", ""GAD2"", ""SLC17A7"", ""SLC17A6""), expr.th = 3, prop.th = c(0.4, 0.4, 0.4, 0.4, 0.4), min.prop.th = 0.8, plot = TRUE, plot.path = ""output/""","master"
"scrattch.hicat","human_functions.R","check_qc","x, qc.iqr.mult = 3","master"
"scrattch.hicat","consensusCluster.R","collect_co_matrix","result.files, all.cells","master"
"scrattch.hicat","consensusCluster.R","collect_subsample_cl_matrix","norm.dat, result.files, all.cells, max.cl.size = NULL, mc.cores = 1","master"
"scrattch.hicat","","comb_de_result","de.genes.list, cl.means.list, common.genes = NULL, max.num = 10000, pairs = NULL, frac.th = 0.7","master"
"scrattch.hicat","","combine_cl","all.results","master"
"scrattch.hicat","cluster.R","combine_finer_split","cl, finer.cl","master"
"scrattch.hicat","annotate.R","compare_annotate","cl, ref.cl, ref.cl.df = NULL, reorder = TRUE, rename = TRUE","master"
"scrattch.hicat","human_functions.R","compare_plot","cl, ref.cl","master"
"scrattch.hicat","consensusCluster.R","compile_cl_mat","cl.list, select.cells","master"
"scrattch.hicat","","compute_knn","comb.dat, select.genes, ref.list, select.sets = names(comb.dat$dat.list), select.cells = comb.dat$all.cells, k = 15, method = ""cor"", self.method = ""RANN"", batch.size = 10000, mc.cores = 1","master"
"scrattch.hicat","vg.R","compute_vg_stats","dat, rescaled = FALSE, verbose = FALSE","master"
"scrattch.hicat","util.R","convert_pair_matrix","pair.num, l = NULL, directed = FALSE","master"
"scrattch.hicat","util.R","convert_pair_matrix_str","pair.str, l = NULL, directed = FALSE","master"
"scrattch.hicat","util.R","cpm","counts","master"
"scrattch.hicat","de.genes.R","create_pairs","cn, direction = ""nondirectional"", include.self = FALSE","master"
"scrattch.hicat","dendro.R","cutree_dend","dend, h","master"
"scrattch.hicat","de.genes.R","de_all_pairs","norm.dat, cl, ...","master"
"scrattch.hicat","de.genes.R","DE_genes_cat_by_cl","norm.dat, cl, binary.cat, ...","master"
"scrattch.hicat","deprecated_function_names.R","DE_genes_pairs","...","master"
"scrattch.hicat","","de_genes_pairs_multiple","dat.list, de.param.list, cl, pairs, cl.means.list = NULL, cl.present.list = NULL, lfc.conservation.th = 0.6, de.genes.list = NULL","master"
"scrattch.hicat","deprecated_function_names.R","DE_genes_pw","...","master"
"scrattch.hicat","deprecated_function_names.R","de_pair","...","master"
"scrattch.hicat","de.genes.R","de_pair_chisq","pair, cl.present, cl.means, cl.size, genes","master"
"scrattch.hicat","de.genes.R","de_pair_limma","pair, cl.present, cl.means, design, fit, genes","master"
"scrattch.hicat","de.genes.R","de_param","low.th = 1, padj.th = 0.01, lfc.th = 1, q1.th = 0.5, q2.th = NULL, q.diff.th = 0.7, de.score.th = 150, min.cells = 4, min.genes = 5","master"
"scrattch.hicat","deprecated_function_names.R","de_score","...","master"
"scrattch.hicat","deprecated_function_names.R","de_score_pairs","...","master"
"scrattch.hicat","de.genes.R","de_selected_pairs","norm.dat, cl, pairs, method = ""limma"", low.th = 1, min.cells = 4, cl.means = NULL, cl.present = NULL, use.voom = FALSE, counts = NULL, mc.cores = 1","master"
"scrattch.hicat","de.genes.R","de_stats_all_pairs","norm.dat, cl, de.param = de_param(), method = ""limma"", de.genes = NULL, ...","master"
"scrattch.hicat","de.genes.R","de_stats_pair","df, de.param = de_param(), cl.size1 = NULL, cl.size2 = NULL, select.genes = NULL","master"
"scrattch.hicat","de.genes.R","de_stats_selected_pairs","norm.dat, cl, pairs, de.df = NULL, de.param = de_param(), method = ""limma"", select.genes = NULL, mc.cores = 1, cl.means = NULL, cl.present = NULL","master"
"scrattch.hicat","dendro.R","dend_lca","dend, l1, l2, l = rep(attr(dend, ""label""), length(l1))","master"
"scrattch.hicat","dendro.R","dend_list","dend","master"
"scrattch.hicat","dendro.R","dend_match","dend.list, cl.group","master"
"scrattch.hicat","plot.R","display_cl","cl, norm.dat, prefix = NULL, plot = !is.null(prefix), col = NULL, max.cl.size = NULL, markers = NULL, de.genes = NULL, main = """", height = 13, width = 9, min.sep = 10, ...","master"
"scrattch.hicat","plot.R","display_cl_markers_co.ratio","select.cl, cl, norm.dat, co.ratio, prefix, all.col, max.cl.size = 100, markers = NULL, ...","master"
"scrattch.hicat","plot.R","display_cl_one_vs_others","select.cl, cl, norm.dat, de.genes, plot = !is.null(prefix), col = NULL, max.cl.size = NULL, main = """", height = 13, width = 9, min.sep = 4, ...","master"
"scrattch.hicat","heatmap4.R","display_cl4","cl, norm.dat, prefix = NULL, plot = !is.null(prefix), col = NULL, max.cl.size = NULL, markers = NULL, de.genes = NULL, main = """", height = 13, width = 9, min.sep = 10, legend.dat = NULL, ...","master"
"scrattch.hicat","doubletFinder.R","doubletFinder","data, select.genes, proportion.artificial = 0.2, k = pmin(100, ncol(data) * 0.01)","master"
"scrattch.hicat","reduceDimension_tSNE.R","fast_tsne","dat, theta = 0.05, nthreads = 12, perplexity = 20, fast.tsne.path = ""~/src/FIt-SNE"", ...","master"
"scrattch.hicat","reduceDimension_WGCNA.R","filter_gene_mod","norm.dat, select.cells, gene.mod, minModuleSize = 10, min.deScore = 40, de.param = de_param(), max.cl.size = NULL, rm.eigen = NULL, rm.th = 0.7, maxSize = 200, prefix = ""cl"", max.mod = NULL","master"
"scrattch.hicat","","filter_RD","rd.dat, rm.eigen, rm.th, verbose = FALSE","master"
"scrattch.hicat","","find_doublet","cl.df, cl.sim, cl.good, de.genes = NULL","master"
"scrattch.hicat","annotate.R","find_low_quality_cl","cl.df, cl.good, de.score.mat = NULL, de.genes","master"
"scrattch.hicat","vg.R","find_vg","dat, rescaled = FALSE, plot_file = NULL, return_type = ""data"", verbose = FALSE","master"
"scrattch.hicat","deprecated_function_names.R","findVG","...","master"
"scrattch.hicat","vg.R","gene_dispersion","dat, means = NULL, vars = NULL, rescale = FALSE","master"
"scrattch.hicat","","gene_gene_cor_conservation","dat.list, select.genes, select.cells, pairs = NULL","master"
"scrattch.hicat","vg.R","gene_loess_fit","dat, dispersions = NULL, means = NULL, rescale = FALSE","master"
"scrattch.hicat","vg.R","gene_loess_fit_z","loess_fit, dispersions","master"
"scrattch.hicat","vg.R","gene_means","dat, rescale = FALSE","master"
"scrattch.hicat","vg.R","gene_vars","dat, means = NULL, rescale = FALSE","master"
"scrattch.hicat","vg.R","gene_z","dat, dispersions = NULL, rescale = FALSE","master"
"scrattch.hicat","markers.R","get_beta_score","propExpr, spec.exp = 2, mcores = 1","master"
"scrattch.hicat","consensusCluster.R","get_cell.cl.co.ratio","cl, co.ratio = NULL, cl.mat = NULL","master"
"scrattch.hicat","consensusCluster.R","get_cl_co_stats","cl, co.ratio = NULL, cl.mat = NULL","master"
"scrattch.hicat","annotate.R","get_cl_df","cl","master"
"scrattch.hicat","util.R","get_cl_mat","cl","master"
"scrattch.hicat","util.R","get_cl_means","mat, cl","master"
"scrattch.hicat","","get_cl_means_list","dat.list, de.param.list = NULL, select.genes = NULL, cl, sets = names(dat.list)","master"
"scrattch.hicat","util.R","get_cl_medians","mat, cl","master"
"scrattch.hicat","","get_cl_present_list","dat.list, de.param.list, select.genes = NULL, cl, sets = names(dat.list)","master"
"scrattch.hicat","util.R","get_cl_prop","mat, cl, threshold = 1","master"
"scrattch.hicat","","get_cl_sim","cl.rd","master"
"scrattch.hicat","","get_cl_sim_multiple","cl.rd.list, FUN = pmax","master"
"scrattch.hicat","util.R","get_cl_sums","mat, cl","master"
"scrattch.hicat","cluster_cv.R","get_core_intermediate","norm.dat, cl, select.markers, n.bin = 5, n.iter = 100, mc.cores = 10, method = ""median""","master"
"scrattch.hicat","","get_de_genes_sym","de.genes","master"
"scrattch.hicat","","get_de_lfc_list","cl.means.list","master"
"scrattch.hicat","de.genes.R","get_de_matrix","de.results, directed = FALSE, field = ""num""","master"
"scrattch.hicat","","get_de_pair","de.genes, cl1, cl2","master"
"scrattch.hicat","","get_de_result","dat.list, de.param.list, cl, select.sets = names(de.param.list), ...","master"
"scrattch.hicat","","get_de_score","de.df, top.genes, upper = 20","master"
"scrattch.hicat","dendro.R","get_dend_markers","dend, n = 20","master"
"scrattch.hicat","dendro.R","get_dend_markers_direction","dend, n = 20","master"
"scrattch.hicat","dendro.R","get_dend_parent","dend","master"
"scrattch.hicat","reduceDimension_WGCNA.R","get_eigen","gene.mod, norm.dat, select.cells = colnames(norm.dat), prefix = NULL, method = ""ward.D"", hc = NULL, ...","master"
"scrattch.hicat","","get_gene_cl_correlation","cl.means.list","master"
"scrattch.hicat","markers.R","get_gene_score","de.genes, top.n = 50, max.num = 1000, bin.th = 4","master"
"scrattch.hicat","","get_knn","dat, ref.dat, k, method = ""cor"", dim = NULL","master"
"scrattch.hicat","","get_knn_batch","dat, ref.dat, k, method = ""cor"", dim = NULL, batch.size, mc.cores = 1","master"
"scrattch.hicat","","get_knn_weight","knn.dist, scale = 0.2, exclude.th = 1e-04","master"
"scrattch.hicat","util.R","get_pair_matrix","m, rows, cols","master"
"scrattch.hicat","util.R","get_pair_matrix_coor","m, rows, cols","master"
"scrattch.hicat","util.R","get_pairs","pairs.str","master"
"scrattch.hicat","","get_RD_cl_center","rd.dat, cl","master"
"scrattch.hicat","","getTopMarkersByPropNew","propExpr, medianExpr, propDiff = 0, propMin = 0.5, medianFC = 1, excludeGenes = NULL, sortByMedian = TRUE","master"
"scrattch.hicat","human_functions.R","group_cl","anno, cluster, norm.dat, select.cells = colnames(norm.dat), neun.thresh = 0.5, neun.colname = ""facs_population_plan"", neun.val = ""NeuN-pos"", test.genes = c(""GAD1"", ""GAD2"", ""SLC17A7"", ""SLC17A6""), expr.th = 3, prop.th = c(0.5, 0.5, 0.2, 0.2), outlier.cl = NULL, donor.cl = NULL","master"
"scrattch.hicat","markers.R","group_specific_markers","cl.g, norm.dat, cl, de.param, n.markers = 5, cl.present.counts = NULL","master"
"scrattch.hicat","heatmap.R","heatmap.3","x, Rowv = TRUE, Colv = if (symm) ""Rowv"" else TRUE, distfun = dist, hclustfun = hclust, dendrogram = c(""both"", ""row"", ""column"", ""none""), symm = FALSE, scale = c(""none"", ""row"", ""column""), na.rm = TRUE, revC = identical(Colv, ""Rowv""), add.expr, breaks, symbreaks = min(x < 0, na.rm = TRUE) || scale != ""none"", col = ""heat.colors"", colsep, rowsep, sepcolor = ""white"", sepwidth = c(0.05, 0.05), cellnote, notecex = 1, notecol = ""cyan"", na.color = par(""bg""), trace = c(""column"", ""row"", ""both"", ""none""),     tracecol = ""cyan"", hline = median(breaks), vline = median(breaks), linecol = tracecol, margins = c(5, 5), ColSideColors, RowSideColors, cexRow = 0.2 + 1/log10(nr), cexCol = 0.2 + 1/log10(nc), labRow = NULL, labCol = NULL, key = TRUE, keysize = 1.5, density.info = c(""histogram"", ""density"", ""none""), denscol = tracecol, symkey = min(x < 0, na.rm = TRUE) || symbreaks, densadj = 0.25, main = NULL, xlab = NULL, ylab = NULL, lmat = NULL, lhei = NULL, lwid = NULL, ...","master"
"scrattch.hicat","heatmap4.R","heatmap.4","x, Rowv = TRUE, Colv = if (symm) ""Rowv"" else TRUE, distfun = dist, hclustfun = hclust, dendrogram = c(""both"", ""row"", ""column"", ""none""), symm = FALSE, scale = c(""none"", ""row"", ""column""), na.rm = TRUE, revC = identical(Colv, ""Rowv""), add.expr, breaks, symbreaks = min(x < 0, na.rm = TRUE) || scale != ""none"", col = ""heat.colors"", colsep, rowsep, sepcolor = ""white"", sepwidth = c(0.05, 0.05), cellnote, notecex = 1, notecol = ""cyan"", na.color = par(""bg""), trace = c(""column"", ""row"", ""both"", ""none""),     tracecol = ""cyan"", hline = median(breaks), vline = median(breaks), linecol = tracecol, margins = c(5, 5), ColSideColors, RowSideColors, cexRow = 0.2 + 1/log10(nr), cexCol = 0.2 + 1/log10(nc), labRow = NULL, labCol = NULL, key = TRUE, keysize = 1, density.info = c(""histogram"", ""density"", ""none""), denscol = tracecol, symkey = min(x < 0, na.rm = TRUE) || symbreaks, densadj = 0.25, main = NULL, xlab = NULL, ylab = NULL, lmat = NULL, lhei = 0.01, lwid = NULL, ...","master"
"scrattch.hicat","","impute_knn","knn.idx, reference, dat, knn.dist = NULL, ...","master"
"scrattch.hicat","","impute_knn_global","comb.dat, split.results, select.genes, select.cells, ref.list, sets = comb.dat$sets, max.dim = 80, th = 0.5, rm.eigen = NULL, rm.th = 0.65","master"
"scrattch.hicat","","impute_val_cor","dat, impute.dat","master"
"scrattch.hicat","","incrementHex","col, r = 0, g = 0, b = 0","master"
"scrattch.hicat","consensusCluster.R","init_cut","co.ratio, select.cells, cl.list, min.cells = 4, th = 0.3, method = ""ward.D"", verbose = FALSE","master"
"scrattch.hicat","cluster.R","iter_clust","norm.dat, select.cells = colnames(norm.dat), prefix = NULL, split.size = 10, result = NULL, method = ""auto"", ...","master"
"scrattch.hicat","consensusCluster.R","iter_consensus_clust","cl.list, co.ratio = NULL, cl.mat = NULL, norm.dat, select.cells = names(cl.list[[1]]), diff.th = 0.25, prefix = NULL, method = c(""auto"", ""louvain"", ""ward.D""), verbose = FALSE, de.param = de.param, max.cl.size = 300, result = NULL, split.size = de.param$min.cells * 2, merge.type = c(""undirectional"", ""directional"")","master"
"scrattch.hicat","","iter_impute_knn","knn, ref, dat, tol = 10^-3, max.iter = 100, ...","master"
"scrattch.hicat","","iter_unify","comb.dat, select.cells = comb.dat$all.cells, ref.sets = names(comb.dat$dat.list), prefix = """", result = NULL, overwrite = TRUE, ...","master"
"scrattch.hicat","cluster.R","jaccard","m","master"
"scrattch.hicat","","jaccard_leiden.RANN","dat, k = 10","master"
"scrattch.hicat","cluster.R","jaccard_louvain","dat, k = 10","master"
"scrattch.hicat","cluster.R","jaccard_louvain.RANN","dat, k = 10","master"
"scrattch.hicat","","knn_cor","ref.dat, query.dat, k = 15","master"
"scrattch.hicat","","knn_cosine","ref.dat, query.dat, k = 15","master"
"scrattch.hicat","cluster.R","knn_jaccard","knn","master"
"scrattch.hicat","","knn_jaccard_louvain","knn.index","master"
"scrattch.hicat","","knn_joint","comb.dat, ref.sets = names(comb.dat$dat.list), select.sets = names(comb.dat$dat.list), merge.sets = ref.sets, select.cells = comb.dat$all.cells, select.genes = NULL, method = ""cor"", self.method = ""RANN"", k = 15, sample.size = 5000, cl.sample.size = 100, batch.size = 10000, verbose = TRUE, mc.cores = 1, ...","master"
"scrattch.hicat","dendro.R","label_dend","dend, n = 1","master"
"scrattch.hicat","normalize.R","lm_matrix","dat, x","master"
"scrattch.hicat","normalize.R","lm_normalize","dat, x, R_2.th = 0.2, padj.th = 0.01, min.genes = 5","master"
"scrattch.hicat","util.R","logCPM","counts","master"
"scrattch.hicat","","makeColorsUnique","colorVector, seed = 1","master"
"scrattch.hicat","","makeLayerLabel","Samp.dat, column = ""roi_label""","master"
"scrattch.hicat","","makeRegionLabel","Samp.dat, column = ""roi_label""","master"
"scrattch.hicat","annotate.R","map_by_cor","train.dat, train.cl, test.dat, method = ""median""","master"
"scrattch.hicat","annotate.R","map_cl_summary","ref.dat, ref.cl, map.dat, map.cl, method = ""median""","master"
"scrattch.hicat","annotate.R","map_cv","norm.dat, cl, markers, n.bin = 5, g.perc = 1, method = ""median"", verbose = TRUE","master"
"scrattch.hicat","","map_dend_markers","dend.list, map.dat, select.cells, th = 0.5","master"
"scrattch.hicat","annotate.R","map_sampling","train.dat, train.cl, test.dat, markers, markers.perc = 0.8, iter = 100, method = ""median"", verbose = TRUE","master"
"scrattch.hicat","markers.R","markers_max_tau","cl.dat, th = 0.5, tau.th = 0.7, n.markers = 3","master"
"scrattch.hicat","markers.R","markers_tau_one_vs_other","cl, cl.present.counts, present.th = 0.4, tau.th = 0.8, top.n = 10","master"
"scrattch.hicat","annotate.R","match_cl","cl, dat, ref.cl, ref.cl.df, ref.dat, rename = TRUE","master"
"scrattch.hicat","merge_cl.R","merge_cl","norm.dat, cl, rd.dat.t, de.param = de_param(), merge.type = c(""undirectional"", ""directional""), max.cl.size = 300, de.method = ""limma"", de.genes = NULL, return.markers = FALSE, pairBatch = 40, verbose = 0","master"
"scrattch.hicat","consensusCluster.R","merge_cl_by_co","cl, co.ratio = NULL, cl.mat = NULL, diff.th = 0.25, verbose = 0","master"
"scrattch.hicat","","merge_cl_multiple","comb.dat, merge.dat.list, cl, anchor.genes, verbose = TRUE, pairBatch = 40, de.genes.list = NULL, lfc.conservation.th = 0.7, merge.type = ""undirectional""","master"
"scrattch.hicat","","merge_knn_result","split.results","master"
"scrattch.hicat","reduceDimension_tSNE.R","multiplot","..., plotlist = NULL, file, cols = 1, layout = NULL","master"
"scrattch.hicat","markers.R","node_specific_markers","dend.list, norm.dat, cl, ...","master"
"scrattch.hicat","markers.R","node_vs_sibling_markers","dend.list, norm.dat, cl, ...","master"
"scrattch.hicat","cluster.R","onestep_clust","norm.dat, select.cells = colnames(norm.dat), counts = NULL, method = c(""louvain"", ""ward.D"", ""kmeans""), vg.padj.th = 0.5, dim.method = c(""pca"", ""WGCNA""), max.dim = 20, rm.eigen = NULL, rm.th = 0.7, de.param = de_param(), merge.type = c(""undirectional"", ""directional""), maxGenes = 3000, sampleSize = 4000, max.cl.size = 300, k.nn = 15, prefix = NULL, verbose = FALSE, regress.x = NULL","master"
"scrattch.hicat","util.R","pair_cor","mat1, mat2, margin = 1","master"
"scrattch.hicat","cluster.R","pass_louvain","mod.sc, adj.mat","master"
"scrattch.hicat","","plot_3d_label","df, col, label_col = NULL, cex = 1, label.cex = cex, init = TRUE","master"
"scrattch.hicat","","plot_3d_label_multiple","df, cols, label_cols, cex = 0.7, label.cex = 0.7, fn = NULL, win.dim = c(20, 40, 1200, 800), layout = NULL, bg.col = ""gray60"", dir = ""./""","master"
"scrattch.hicat","consensusCluster.R","plot_cell_cl_co_matrix","co.ratio, cl, max.cl.size = 100, col = NULL","master"
"scrattch.hicat","plot.R","plot_cl_cells","anno","master"
"scrattch.hicat","plot.R","plot_cl_heatmap","norm.dat, cl, markers, prefix = NULL, hc = NULL, gene.hc = NULL, centered = FALSE, labels = names(cl), sorted = FALSE, by.cl = TRUE, ColSideColors = NULL, maxValue = 5, min.sep = 4, main = """", height = 13, width = 9","master"
"scrattch.hicat","heatmap4.R","plot_cl_heatmap4","norm.dat, cl, markers, prefix = NULL, hc = NULL, gene.hc = NULL, centered = FALSE, labels = names(cl), sorted = FALSE, by.cl = TRUE, ColSideColors = NULL, maxValue = 5, min.sep = 4, main = """", height = 13, width = 9, legend.dat = NULL","master"
"scrattch.hicat","","plot_cl_low","norm.dat, cl, low.df, de.genes, all.col","master"
"scrattch.hicat","plot.R","plot_cl_meta_barplot","cluster, meta, col = NULL, drop = FALSE","master"
"scrattch.hicat","consensusCluster.R","plot_co_matrix","co.ratio, cl, max.cl.size = 100, col = NULL","master"
"scrattch.hicat","","plot_confusion","consensus.cl, prefix, comb.dat, ...","master"
"scrattch.hicat","de.genes.R","plot_de_lfc_num","de.genes, top.n = 100, select.pair = NULL, cl.label = NULL","master"
"scrattch.hicat","de.genes.R","plot_de_num","de.genes, dend, cl.label = NULL, directed = FALSE, file = ""log10.de.num.pdf"", ...","master"
"scrattch.hicat","dendro.R","plot_dend","dend, dendro_data = NULL, node_size = 1, r = c(-0.1, 1)","master"
"scrattch.hicat","","plot_doublet","norm.dat, cl, nn.df, de.genes, all.col","master"
"scrattch.hicat","annotate.R","plot_low_qc","norm.dat, cl, low.df, nn.df, de.genes, all.col","master"
"scrattch.hicat","","plot_markers","dat.list, cl, de.param.list, prefix, common.genes, comb.de.genes = NULL, cl.means.list = NULL, col.list = NULL, cl.col = NULL, select.genes = NULL, save.matrix = FALSE, n.markers = 20, ...","master"
"scrattch.hicat","","plot_markers_cl","select.genes, gene.ordered = FALSE, cl.means.list = NULL, comb.dat = NULL, cl = NULL, cl.col = NULL, prefix = """", ...","master"
"scrattch.hicat","de.genes.R","plot_pair_matrix","pair.num, file, directed = FALSE, dend = NULL, col = jet.colors(100), cl.label = NULL, ...","master"
"scrattch.hicat","reduceDimension_plot.R","plot_RD_cl","rd.dat, cl, cl.color, cl.label, cex = 0.15, fn.size = 2, alpha.val = 1, show.legend = FALSE, legend.size = 2","master"
"scrattch.hicat","reduceDimension_plot.R","plot_RD_gene","rd.dat, norm.dat, genes, cex = 0.15","master"
"scrattch.hicat","reduceDimension_plot.R","plot_RD_meta","rd.dat, meta, meta.col = NULL, show.legend = TRUE, cex = 0.15, legend.size = 5","master"
"scrattch.hicat","riverplot.R","plot_river","anno.df1, anno.df2, common.cells, ...","master"
"scrattch.hicat","","plot_tsne","cl, cl.df, comb.dat, prefix, tsne.df, cex = 0.3, fn.size = 2, height = 8, width = 10","master"
"scrattch.hicat","reduceDimension_tSNE.R","plot_tsne_cl","norm.dat, select.genes, cl, cl.df, tsne.df = NULL, show.legend = FALSE, cex = 0.15, fn.size = 2, alpha.val = 1, ...","master"
"scrattch.hicat","","plot_tSNE_gene","tsne.df, ...","master"
"scrattch.hicat","","plot_tSNE_meta","tsne.df, ...","master"
"scrattch.hicat","vg.R","plot_vg","gene_var_stats, plots = ""all"", loess_fit = NULL","master"
"scrattch.hicat","reduceDimension_PCA.R","prcomp.irlba","x, max.rank = 500, maxit = 1000, tol = 1e-05, center = TRUE, ...","master"
"scrattch.hicat","annotate.R","predict_annotate_cor","cl, norm.dat, ref.markers, ref.cl, ref.cl.df, ref.norm.dat, method = ""median"", reorder = TRUE","master"
"scrattch.hicat","","predict_knn","knn.idx, reference, cl","master"
"scrattch.hicat","","predict_knn_new","knn.idx, reference, cl, ...","master"
"scrattch.hicat","","prepare_unify","dat.list, meta.df = NULL, cl.list = NULL, cl.df.list = NULL, de.param.list = NULL, de.genes.list = NULL, rename = TRUE","master"
"scrattch.hicat","dendro.R","prune_dend","dend, rm.labels, top.level = TRUE","master"
"scrattch.hicat","dendro.R","pvclust_show_signif_gradient","dend, pvclust_obj, signif_type = c(""bp"", ""au""), signif_col_fun = colorRampPalette(c(""black"", ""darkred"", ""red"")), ...","master"
"scrattch.hicat","reduceDimension_PCA.R","rd_PCA","norm.dat, select.genes = row.names(norm.dat), select.cells = colnames(norm.dat), sampled.cells = select.cells, max.pca = 10, th = 2","master"
"scrattch.hicat","","rd_Umap","mat, n.neighbors = 30L, n.components = 2L, metric = ""correlation"", n.epochs = NULL, learning.rate = 1, min.dist = 0.3, spread = 1, set.op.mix.ratio = 1, local.connectivity = 1L, repulsion.strength = 1, negative.sample.rate = 5, a = NULL, b = NULL, seed.use = 42, metric.kwds = NULL, angular.rp.forest = FALSE, reduction.key = ""UMAP_"", verbose = TRUE","master"
"scrattch.hicat","reduceDimension_WGCNA.R","rd_WGCNA","norm.dat, select.genes, select.cells, sampled.cells = select.cells, minModuleSize = 10, cutHeight = 0.99, type = ""unsigned"", softPower = 4, rm.gene.mod = NULL, rm.eigen = NULL, ...","master"
"scrattch.hicat","consensusCluster.R","refine_cl","cl, co.ratio = NULL, cl.mat = NULL, confusion.th = 0.6, min.cells = 4, niter = 50, tol.th = 0.02, verbose = 0","master"
"scrattch.hicat","","renameAndOrderClusters","sampleInfo, classNameColumn = ""cluster_type_label"", classGenes = c(""GAD1"", ""SLC17A7"", ""SLC1A3""), classLevels = c(""inh"", ""exc"", ""glia""), layerNameColumn = ""layer_label"", regionNameColumn = ""Region_label"", matchNameColumn = ""cellmap_label"", newColorNameColumn = ""cellmap_color"", otherColumns = NULL, propLayer = 0.3, dend = NULL, orderbyColumns = c(""layer"", ""region"", ""topMatch""), includeClusterCounts = FALSE, includeBroadGenes = FALSE, broadGenes = NULL, includeSpecificGenes = FALSE, propExpr = NULL,     medianExpr = NULL, propDiff = 0, propMin = 0.5, medianFC = 1, excludeGenes = NULL, sortByMedian = TRUE, sep = ""_""","master"
"scrattch.hicat","cluster.R","reorder_cl","cl, dat","master"
"scrattch.hicat","dendro.R","reorder_dend","dend, l.rank, top.level = TRUE","master"
"scrattch.hicat","human_functions.R","reorder_factor","clMatch, clRef","master"
"scrattch.hicat","vg.R","rescale_samples","dat","master"
"scrattch.hicat","consensusCluster.R","run_consensus_clust","norm.dat, select.cells = colnames(norm.dat), niter = 100, sample.frac = 0.8, co.result = NULL, output_dir = ""subsample_result"", mc.cores = 1, de.param = de_param(), merge.type = c(""undirectional"", ""directional""), override = FALSE, init.result = NULL, cut.method = ""auto"", confusion.th = 0.6, ...","master"
"scrattch.hicat","util.R","sample_cells","cl, sample.size, weights = NULL, seed = NULL","master"
"scrattch.hicat","consensusCluster.R","sample_cl_list","cl.list, max.cl.size = 500","master"
"scrattch.hicat","","sample_sets_list","cells.list, cl.list, cl.sample.size = 100, sample.size = 5000","master"
"scrattch.hicat","reduceDimension_WGCNA.R","score_gene_mod","norm.dat, select.cells, gene.mod, eigen = NULL, method = ""average"", de.param = de_param(), max.cl.size = NULL","master"
"scrattch.hicat","","select_dend_markers","dend, cl, de.genes, norm.dat = NULL, up.gene.score = NULL, down.gene.score = NULL, ...","master"
"scrattch.hicat","","select_joint_genes","comb.dat, ref.list, select.cells = comb.dat$all.cells, maxGenes = 2000, vg.padj.th = 0.5, max.dim = 20, use.markers = TRUE, top.n = 100, rm.eigen = NULL, rm.th = rep(0.7, ncol(rm.eigen))","master"
"scrattch.hicat","","select_joint_markers","comb.dat, cl, de.genes.list, ...","master"
"scrattch.hicat","markers.R","select_markers","norm.dat, cl, n.markers = 20, de.genes = NULL, ...","master"
"scrattch.hicat","markers.R","select_markers_pair","de.genes, add.genes, gene.score = NULL, rm.genes = NULL, top.n = 50, max.num = 2000","master"
"scrattch.hicat","markers.R","select_markers_pair_direction","de.genes, add.up, add.down, up.gene.score = NULL, down.gene.score = NULL, rm.genes = NULL, top.n = 50, max.num = 2000","master"
"scrattch.hicat","","select_markers_pair_group","cl, g1, g2, de.genes, top.n = 50, max.num = 1000, n.markers = 20, up.gene.score = NULL, down.gene.score = NULL","master"
"scrattch.hicat","markers.R","select_N_markers","de.genes, up.gene.score = NULL, down.gene.score = NULL, default.markers = NULL, pair.num = 1, add.up = pair.num, add.down = pair.num, rm.genes = NULL, pairs = names(de.genes)","master"
"scrattch.hicat","","select_node_specific_markers","dend, norm.dat, cl, n.markers = 10, de.genes = NULL, up.gene.score = NULL, down.gene.score = NULL, top.n = 50, max.num = 2000","master"
"scrattch.hicat","","select_pos_dend_markers","dend, cl, norm.dat","master"
"scrattch.hicat","markers.R","select_pos_markers","de.genes, cl, n.markers = 3, default.markers = NULL, rm.genes = NULL, up.gene.score = NULL, down.gene.score = NULL","master"
"scrattch.hicat","util.R","set_pair_matrix","m, rows, cols, vals","master"
"scrattch.hicat","","sim_knn","sim, k = 15","master"
"scrattch.hicat","","simple_dend","cl.means.list","master"
"scrattch.hicat","util.R","sparse_cor","m","master"
"scrattch.hicat","","test_knn","knn, cl, reference, ref.cl","master"
"scrattch.hicat","merge_cl.R","test_merge","de.pair, de.param, merge.type = ""undirectional""","master"
"scrattch.hicat","dendro.R","unbranch_by_conf","dend, conf.th","master"
"scrattch.hicat","dendro.R","unbranch_by_length","dend, length.th","master"
"scrattch.hicat","","unify","comb.dat, prefix, overwrite = TRUE, dir = ""."", ...","master"
"scrattch.hicat","update.R","update_hicat","","master"
"scrattch.hicat","","updateSampDat","Samp.dat, clusterInfo","master"
"scrattch.hicat","de.genes.R","vec_chisq_test","x, x.total, y, y.total","master"
"scrattch.hicat","markers.R","within_group_specific_markers","cl.g, norm.dat, cl, ...","master"
"scrattch.vis","plot_components.R","add_group_xpos","data, group_cols, group_order = NULL","master"
"scrattch.vis","plot_components.R","add_sample_xpos","data, group_cols, group_order = NULL","master"
"scrattch.vis","plot_components.R","build_header_labels","data, grouping, group_order = NULL, ymin, label_height = 25, label_type = ""simple""","master"
"scrattch.vis","plot_components.R","build_header_polygons","data, anno, grouping, group_order = NULL, ymin, label_height = 25, fraction_of_label = 0.1, poly_type = ""angle""","master"
"scrattch.vis","plot_components.R","build_max_dfs","n_stats, width_stat = ""samples"", max_vals, max_width","master"
"scrattch.vis","sankey.R","build_river_plot","anno, grouping, show_labels = TRUE, label_pos = ""center"", min_link_size = 0, pad = 0.1, fill_group = NULL","master"
"scrattch.vis","sankey.R","build_river_plot_bokeh","anno, group_by, pad = 0.1, fill_group = NULL","master"
"scrattch.vis","data_formatting.R","build_vec_pos","vec, vec_name = ""gene_name"", sort = ""none"", axis_name = ""y""","master"
"scrattch.vis","data_structure.R","check_db_structure","db.file, verbose = T","master"
"scrattch.vis","data_structure.R","check_feather_structure","feather_dir, verbose = T","master"
"scrattch.vis","misc.R","check_genes","genes, gene_reference, result = ""matched""","master"
"scrattch.vis","data_structure.R","check_list_structure","list_data, verbose = T","master"
"scrattch.vis","misc.R","chr_to_num","in_chr","master"
"scrattch.vis","misc.R","color_sum","col1, col2","master"
"scrattch.vis","data_formatting.R","data_df_to_colors","df, value_cols = NULL, colorset = NULL, scale = ""linear"", per_col = FALSE, min_val = 0, max_val = NULL","master"
"scrattch.vis","data_structure.R","db_to_list","db.file, get_tables = NULL, genes = NULL, group_by = NULL, groups = NULL","master"
"scrattch.vis","sankey.R","erf","x","master"
"scrattch.vis","plot_components.R","filter_gene_data","data, genes, anno, group_cols, group_order = NULL, sample_key_column = ""sample_name""","master"
"scrattch.vis","filtering.R","filter_using_list","df, filter_list, verbose = TRUE","master"
"scrattch.vis","data_formatting.R","get_list_data","data_list, genes, group_by, group_ids","master"
"scrattch.vis","plot_components.R","get_n_stats","plot_data, group_cols, genes","master"
"scrattch.vis","degenes.R","get_sparse_pairwise_deg","data = v1_data, anno = v1_anno, group_by = ""final"", class1_groups = 1:23, class2_groups = 24:42, data_cut_up = 0, data_cut_dn = 0, frac_cut_up = 0.95, frac_cut_dn = 0.05, top = NULL, give = ""genes""","master"
"scrattch.vis","plot_components.R","ggplot_header_labels","p, header_labels, header_polygons = NULL, font_size","master"
"scrattch.vis","plot_components.R","ggplot_max_vals","p, n_stats, width_stat = ""samples"", max_val_dfs, font_size","master"
"scrattch.vis","plot_components.R","ggplot_scale_bars","p, n_genes, n_samples, extent = 0.9","master"
"scrattch.vis","plot_main.R","group_box_plot","data, anno, genes, grouping, group_order = NULL, log_scale = TRUE, font_size = 7, label_height = 25, show_counts = TRUE, rotate_counts = FALSE, max_width = 10, return_type = ""plot""","master"
"scrattch.vis","plot_components.R","group_columns","grouping","master"
"scrattch.vis","plot_main.R","group_dot_plot","data, anno, genes, grouping, group_order = NULL, fill_stat = ""median"", size_stat = ""prop_gt0"", max_size = 10, log_scale = TRUE, normalize_rows = FALSE, colorset = NULL, font_size = 7, label_height = 25, show_counts = TRUE, rotate_counts = FALSE, max_width = 10, return_type = ""plot""","master"
"scrattch.vis","plot_main.R","group_heatmap_plot","data, anno, genes, grouping, group_order = NULL, stat = ""median"", log_scale = TRUE, normalize_rows = FALSE, colorset = NULL, font_size = 7, label_height = 25, show_counts = TRUE, rotate_counts = FALSE, max_width = 10, return_type = ""plot""","master"
"scrattch.vis","plot_main.R","group_quasirandom_plot","data, anno, genes, grouping, group_order = NULL, log_scale = TRUE, font_size = 7, label_height = 25, show_counts = TRUE, rotate_counts = FALSE, max_width = 10, return_type = ""plot""","master"
"scrattch.vis","data_formatting.R","group_stats","data_df, value_cols = NULL, anno, grouping, stat = c(""median"", ""mean"", ""tmean"", ""prop_gt0"", ""prop_gt1"", ""prop_gt_cutoff"", ""min"", ""max""), cutoff = NULL","master"
"scrattch.vis","plot_main.R","group_violin_plot","data, anno, genes, grouping, group_order = NULL, log_scale = TRUE, font_size = 7, label_height = 25, show_counts = TRUE, rotate_counts = FALSE, max_width = 10, return_type = ""plot""","master"
"scrattch.vis","plot_components.R","hclust_to_seg","hc, tree.dir = ""down"", dir.lims = c(0, 1)","master"
"scrattch.vis","plot_main.R","heatmap_legend_plot","min_val = 0, max_val = 4, scale_name = ""FPKM"", colorset = c(""darkblue"", ""dodgerblue"", ""gray80"", ""orange"", ""orangered"")","master"
"scrattch.vis","dependencies.R","install_bioconductor_dependencies","","master"
"scrattch.vis","dependencies.R","install_GEO_deps","","master"
"scrattch.vis","sankey.R","make_group_links","anno, group_by, plot_nodes","master"
"scrattch.vis","sankey.R","make_group_nodes","anno, group_by, value_col, xpos = NULL","master"
"scrattch.vis","sankey.R","make_plot_links","group_links, fill = NULL","master"
"scrattch.vis","sankey.R","make_plot_nodes","group_nodes, pad = 0.1, width = 0.1","master"
"scrattch.vis","data_formatting.R","mat_to_data_df","mat, cols_are = ""gene_names""","master"
"scrattch.vis","plot_components.R","max_gene_vals","data, genes","master"
"scrattch.vis","data_formatting.R","melt_data_df","data_df, grouping = ""sample_name"", value_cols = NULL","master"
"scrattch.vis","plot_main.R","point_size_legend_plot","min_val = 0, max_val = 1, max_size = 6, scale_name = ""Fraction of cells"", n_sizes = 6","master"
"scrattch.vis","misc.R","prop_gt0","x","master"
"scrattch.vis","misc.R","prop_gt1","x","master"
"scrattch.vis","misc.R","pt2mm","pt","master"
"scrattch.vis","misc.R","riken_case","in_chr","master"
"scrattch.vis","plot_main.R","sample_bar_plot","data, anno, genes, grouping, group_order = NULL, log_scale = FALSE, font_size = 7, label_height = 25, label_type = ""angle"", max_width = 10, bg_color = ""#ADCFE0"", return_type = ""plot""","master"
"scrattch.vis","plot_main.R","sample_fire_plot","data, anno, genes, grouping, group_order = NULL, log_scale = TRUE, normalize_rows = FALSE, colorset = NULL, top_values = ""lowest"", font_size = 7, label_height = 25, max_width = 10, return_type = ""plot""","master"
"scrattch.vis","plot_main.R","sample_heatmap_plot","data, anno, genes, grouping, group_order = NULL, log_scale = TRUE, normalize_rows = FALSE, colorset = NULL, font_size = 7, label_height = 25, label_type = ""angle"", max_width = 10, return_type = ""plot""","master"
"scrattch.vis","plot_components.R","scale_gene_data","data, genes, scale_type = ""log10""","master"
"scrattch.vis","plot_components.R","scale_values_plot_space","x, min_ps, max_ps = NULL, min_val = 0, max_val = NULL, extent = 0.9","master"
"scrattch.vis","plot_components.R","sci_label","in_num, sig_figs = 2, type = ""ggplot2""","master"
"scrattch.vis","sankey.R","sigline","x = 0, xend = 1, y = 0, yend = 1, steps = 50, sigfun = ""erf"", sigx = 1.5","master"
"scrattch.vis","sankey.R","sigribbon","sigline, height, from = ""top""","master"
"scrattch.vis","plot_components.R","spiral_jitter","x, y, n = NULL, max_n = NULL, radius = 1, aspect = 1, ratio = ""golden""","master"
"scrattch.vis","misc.R","split_text","in_string","master"
"scrattch.vis","misc.R","text_stat","x, stat, cutoff = NULL","master"
"scrattch.vis","plot_components.R","theme_no_x","base_size = 12, base_family = """"","master"
"scrattch.vis","misc.R","title_case","in_chr","master"
"scrattch.vis","misc.R","tmean","x, trim = 0.25, na.rm = TRUE","master"
"scrattch.vis","scrattch.R","update_scrattch","","master"
"scrattch.vis","misc.R","values_to_colors","x, min_val = NULL, max_val = NULL, colorset = c(""darkblue"", ""dodgerblue"", ""gray80"", ""orange"", ""orangered""), missing_color = ""black""","master"
"scrattch.vis","data_structure.R","write_database","desc = NULL, anno = NULL, data = NULL, file = stop(""'file' must be specified""), overwrite = TRUE","master"
